region,age_gr,households,schools,workplaces,activities
1001,0,,,,
1001,1,,,,
1001,2,,,,
1001,3,,,,
1001,4,,,,
1001,5,,,,
1001,6,,,,
1001,7,,,,
1001,8,,,,
1001,9,,,,
1002,0,2.3971962616822435,1.582109479305741,0.0,1.0787716955941253
1002,1,2.1166666666666667,3.798941798941798,0.0,1.873015873015873
1002,2,2.2805825242718445,4.39251040221914,0.0,3.131761442441054
1002,3,2.3666666666666667,3.522486772486772,0.2764550264550264,3.2632275132275135
1002,4,1.6661710037174724,1.0658523632501329,1.836431226765799,2.5193839617631437
1002,5,1.6922535211267609,0.61317907444668,2.0794768611670014,3.0523138832997985
1002,6,1.7775000000000003,0.2357142857142856,2.1834821428571423,3.007142857142857
1002,7,1.1593220338983052,0.2009685230024213,2.1421653407125563,2.8588723625043233
1002,8,0.7613207547169812,0.1365678346810422,1.0584007187780773,2.4519317160826595
1002,9,0.916475972540046,0.0084995096436744,0.2569467146126185,1.9055246812683881
1003,0,,,,
1003,1,,,,
1003,2,,,,
1003,3,,,,
1003,4,,,,
1003,5,,,,
1003,6,,,,
1003,7,,,,
1003,8,,,,
1003,9,,,,
1004,0,,,,
1004,1,,,,
1004,2,,,,
1004,3,,,,
1004,4,,,,
1004,5,,,,
1004,6,,,,
1004,7,,,,
1004,8,,,,
1004,9,,,,
1051,0,,,,
1051,1,,,,
1051,2,,,,
1051,3,,,,
1051,4,,,,
1051,5,,,,
1051,6,,,,
1051,7,,,,
1051,8,,,,
1051,9,,,,
1053,0,,,,
1053,1,,,,
1053,2,,,,
1053,3,,,,
1053,4,,,,
1053,5,,,,
1053,6,,,,
1053,7,,,,
1053,8,,,,
1053,9,,,,
1054,0,,,,
1054,1,,,,
1054,2,,,,
1054,3,,,,
1054,4,,,,
1054,5,,,,
1054,6,,,,
1054,7,,,,
1054,8,,,,
1054,9,,,,
1055,0,,,,
1055,1,,,,
1055,2,,,,
1055,3,,,,
1055,4,,,,
1055,5,,,,
1055,6,,,,
1055,7,,,,
1055,8,,,,
1055,9,,,,
1056,0,,,,
1056,1,,,,
1056,2,,,,
1056,3,,,,
1056,4,,,,
1056,5,,,,
1056,6,,,,
1056,7,,,,
1056,8,,,,
1056,9,,,,
1057,0,,,,
1057,1,,,,
1057,2,,,,
1057,3,,,,
1057,4,,,,
1057,5,,,,
1057,6,,,,
1057,7,,,,
1057,8,,,,
1057,9,,,,
1058,0,,,,
1058,1,,,,
1058,2,,,,
1058,3,,,,
1058,4,,,,
1058,5,,,,
1058,6,,,,
1058,7,,,,
1058,8,,,,
1058,9,,,,
1059,0,,,,
1059,1,,,,
1059,2,,,,
1059,3,,,,
1059,4,,,,
1059,5,,,,
1059,6,,,,
1059,7,,,,
1059,8,,,,
1059,9,,,,
1060,0,,,,
1060,1,,,,
1060,2,,,,
1060,3,,,,
1060,4,,,,
1060,5,,,,
1060,6,,,,
1060,7,,,,
1060,8,,,,
1060,9,,,,
1061,0,,,,
1061,1,,,,
1061,2,,,,
1061,3,,,,
1061,4,,,,
1061,5,,,,
1061,6,,,,
1061,7,,,,
1061,8,,,,
1061,9,,,,
1062,0,,,,
1062,1,,,,
1062,2,,,,
1062,3,,,,
1062,4,,,,
1062,5,,,,
1062,6,,,,
1062,7,,,,
1062,8,,,,
1062,9,,,,
2000,0,,,,
2000,1,,,,
2000,2,,,,
2000,3,,,,
2000,4,,,,
2000,5,,,,
2000,6,,,,
2000,7,,,,
2000,8,,,,
2000,9,,,,
3101,0,,,,
3101,1,,,,
3101,2,,,,
3101,3,,,,
3101,4,,,,
3101,5,,,,
3101,6,,,,
3101,7,,,,
3101,8,,,,
3101,9,,,,
3102,0,,,,
3102,1,,,,
3102,2,,,,
3102,3,,,,
3102,4,,,,
3102,5,,,,
3102,6,,,,
3102,7,,,,
3102,8,,,,
3102,9,,,,
3103,0,,,,
3103,1,,,,
3103,2,,,,
3103,3,,,,
3103,4,,,,
3103,5,,,,
3103,6,,,,
3103,7,,,,
3103,8,,,,
3103,9,,,,
3151,0,,,,
3151,1,,,,
3151,2,,,,
3151,3,,,,
3151,4,,,,
3151,5,,,,
3151,6,,,,
3151,7,,,,
3151,8,,,,
3151,9,,,,
3153,0,,,,
3153,1,,,,
3153,2,,,,
3153,3,,,,
3153,4,,,,
3153,5,,,,
3153,6,,,,
3153,7,,,,
3153,8,,,,
3153,9,,,,
3154,0,,,,
3154,1,,,,
3154,2,,,,
3154,3,,,,
3154,4,,,,
3154,5,,,,
3154,6,,,,
3154,7,,,,
3154,8,,,,
3154,9,,,,
3155,0,,,,
3155,1,,,,
3155,2,,,,
3155,3,,,,
3155,4,,,,
3155,5,,,,
3155,6,,,,
3155,7,,,,
3155,8,,,,
3155,9,,,,
3157,0,,,,
3157,1,,,,
3157,2,,,,
3157,3,,,,
3157,4,,,,
3157,5,,,,
3157,6,,,,
3157,7,,,,
3157,8,,,,
3157,9,,,,
3158,0,,,,
3158,1,,,,
3158,2,,,,
3158,3,,,,
3158,4,,,,
3158,5,,,,
3158,6,,,,
3158,7,,,,
3158,8,,,,
3158,9,,,,
3159,0,,,,
3159,1,,,,
3159,2,,,,
3159,3,,,,
3159,4,,,,
3159,5,,,,
3159,6,,,,
3159,7,,,,
3159,8,,,,
3159,9,,,,
3241,0,,,,
3241,1,,,,
3241,2,,,,
3241,3,,,,
3241,4,,,,
3241,5,,,,
3241,6,,,,
3241,7,,,,
3241,8,,,,
3241,9,,,,
3251,0,,,,
3251,1,,,,
3251,2,,,,
3251,3,,,,
3251,4,,,,
3251,5,,,,
3251,6,,,,
3251,7,,,,
3251,8,,,,
3251,9,,,,
3252,0,,,,
3252,1,,,,
3252,2,,,,
3252,3,,,,
3252,4,,,,
3252,5,,,,
3252,6,,,,
3252,7,,,,
3252,8,,,,
3252,9,,,,
3254,0,,,,
3254,1,,,,
3254,2,,,,
3254,3,,,,
3254,4,,,,
3254,5,,,,
3254,6,,,,
3254,7,,,,
3254,8,,,,
3254,9,,,,
3255,0,,,,
3255,1,,,,
3255,2,,,,
3255,3,,,,
3255,4,,,,
3255,5,,,,
3255,6,,,,
3255,7,,,,
3255,8,,,,
3255,9,,,,
3256,0,,,,
3256,1,,,,
3256,2,,,,
3256,3,,,,
3256,4,,,,
3256,5,,,,
3256,6,,,,
3256,7,,,,
3256,8,,,,
3256,9,,,,
3257,0,,,,
3257,1,,,,
3257,2,,,,
3257,3,,,,
3257,4,,,,
3257,5,,,,
3257,6,,,,
3257,7,,,,
3257,8,,,,
3257,9,,,,
3351,0,,,,
3351,1,,,,
3351,2,,,,
3351,3,,,,
3351,4,,,,
3351,5,,,,
3351,6,,,,
3351,7,,,,
3351,8,,,,
3351,9,,,,
3352,0,,,,
3352,1,,,,
3352,2,,,,
3352,3,,,,
3352,4,,,,
3352,5,,,,
3352,6,,,,
3352,7,,,,
3352,8,,,,
3352,9,,,,
3353,0,,,,
3353,1,,,,
3353,2,,,,
3353,3,,,,
3353,4,,,,
3353,5,,,,
3353,6,,,,
3353,7,,,,
3353,8,,,,
3353,9,,,,
3354,0,,,,
3354,1,,,,
3354,2,,,,
3354,3,,,,
3354,4,,,,
3354,5,,,,
3354,6,,,,
3354,7,,,,
3354,8,,,,
3354,9,,,,
3355,0,,,,
3355,1,,,,
3355,2,,,,
3355,3,,,,
3355,4,,,,
3355,5,,,,
3355,6,,,,
3355,7,,,,
3355,8,,,,
3355,9,,,,
3356,0,,,,
3356,1,,,,
3356,2,,,,
3356,3,,,,
3356,4,,,,
3356,5,,,,
3356,6,,,,
3356,7,,,,
3356,8,,,,
3356,9,,,,
3357,0,,,,
3357,1,,,,
3357,2,,,,
3357,3,,,,
3357,4,,,,
3357,5,,,,
3357,6,,,,
3357,7,,,,
3357,8,,,,
3357,9,,,,
3358,0,,,,
3358,1,,,,
3358,2,,,,
3358,3,,,,
3358,4,,,,
3358,5,,,,
3358,6,,,,
3358,7,,,,
3358,8,,,,
3358,9,,,,
3359,0,,,,
3359,1,,,,
3359,2,,,,
3359,3,,,,
3359,4,,,,
3359,5,,,,
3359,6,,,,
3359,7,,,,
3359,8,,,,
3359,9,,,,
3360,0,,,,
3360,1,,,,
3360,2,,,,
3360,3,,,,
3360,4,,,,
3360,5,,,,
3360,6,,,,
3360,7,,,,
3360,8,,,,
3360,9,,,,
3361,0,,,,
3361,1,,,,
3361,2,,,,
3361,3,,,,
3361,4,,,,
3361,5,,,,
3361,6,,,,
3361,7,,,,
3361,8,,,,
3361,9,,,,
3401,0,,,,
3401,1,,,,
3401,2,,,,
3401,3,,,,
3401,4,,,,
3401,5,,,,
3401,6,,,,
3401,7,,,,
3401,8,,,,
3401,9,,,,
3402,0,,,,
3402,1,,,,
3402,2,,,,
3402,3,,,,
3402,4,,,,
3402,5,,,,
3402,6,,,,
3402,7,,,,
3402,8,,,,
3402,9,,,,
3403,0,,,,
3403,1,,,,
3403,2,,,,
3403,3,,,,
3403,4,,,,
3403,5,,,,
3403,6,,,,
3403,7,,,,
3403,8,,,,
3403,9,,,,
3404,0,,,,
3404,1,,,,
3404,2,,,,
3404,3,,,,
3404,4,,,,
3404,5,,,,
3404,6,,,,
3404,7,,,,
3404,8,,,,
3404,9,,,,
3405,0,,,,
3405,1,,,,
3405,2,,,,
3405,3,,,,
3405,4,,,,
3405,5,,,,
3405,6,,,,
3405,7,,,,
3405,8,,,,
3405,9,,,,
3451,0,,,,
3451,1,,,,
3451,2,,,,
3451,3,,,,
3451,4,,,,
3451,5,,,,
3451,6,,,,
3451,7,,,,
3451,8,,,,
3451,9,,,,
3452,0,,,,
3452,1,,,,
3452,2,,,,
3452,3,,,,
3452,4,,,,
3452,5,,,,
3452,6,,,,
3452,7,,,,
3452,8,,,,
3452,9,,,,
3453,0,,,,
3453,1,,,,
3453,2,,,,
3453,3,,,,
3453,4,,,,
3453,5,,,,
3453,6,,,,
3453,7,,,,
3453,8,,,,
3453,9,,,,
3454,0,,,,
3454,1,,,,
3454,2,,,,
3454,3,,,,
3454,4,,,,
3454,5,,,,
3454,6,,,,
3454,7,,,,
3454,8,,,,
3454,9,,,,
3455,0,,,,
3455,1,,,,
3455,2,,,,
3455,3,,,,
3455,4,,,,
3455,5,,,,
3455,6,,,,
3455,7,,,,
3455,8,,,,
3455,9,,,,
3456,0,,,,
3456,1,,,,
3456,2,,,,
3456,3,,,,
3456,4,,,,
3456,5,,,,
3456,6,,,,
3456,7,,,,
3456,8,,,,
3456,9,,,,
3457,0,,,,
3457,1,,,,
3457,2,,,,
3457,3,,,,
3457,4,,,,
3457,5,,,,
3457,6,,,,
3457,7,,,,
3457,8,,,,
3457,9,,,,
3458,0,,,,
3458,1,,,,
3458,2,,,,
3458,3,,,,
3458,4,,,,
3458,5,,,,
3458,6,,,,
3458,7,,,,
3458,8,,,,
3458,9,,,,
3459,0,,,,
3459,1,,,,
3459,2,,,,
3459,3,,,,
3459,4,,,,
3459,5,,,,
3459,6,,,,
3459,7,,,,
3459,8,,,,
3459,9,,,,
3460,0,,,,
3460,1,,,,
3460,2,,,,
3460,3,,,,
3460,4,,,,
3460,5,,,,
3460,6,,,,
3460,7,,,,
3460,8,,,,
3460,9,,,,
3461,0,,,,
3461,1,,,,
3461,2,,,,
3461,3,,,,
3461,4,,,,
3461,5,,,,
3461,6,,,,
3461,7,,,,
3461,8,,,,
3461,9,,,,
3462,0,,,,
3462,1,,,,
3462,2,,,,
3462,3,,,,
3462,4,,,,
3462,5,,,,
3462,6,,,,
3462,7,,,,
3462,8,,,,
3462,9,,,,
4011,0,,,,
4011,1,,,,
4011,2,,,,
4011,3,,,,
4011,4,,,,
4011,5,,,,
4011,6,,,,
4011,7,,,,
4011,8,,,,
4011,9,,,,
4012,0,,,,
4012,1,,,,
4012,2,,,,
4012,3,,,,
4012,4,,,,
4012,5,,,,
4012,6,,,,
4012,7,,,,
4012,8,,,,
4012,9,,,,
5111,0,,,,
5111,1,,,,
5111,2,,,,
5111,3,,,,
5111,4,,,,
5111,5,,,,
5111,6,,,,
5111,7,,,,
5111,8,,,,
5111,9,,,,
5112,0,,,,
5112,1,,,,
5112,2,,,,
5112,3,,,,
5112,4,,,,
5112,5,,,,
5112,6,,,,
5112,7,,,,
5112,8,,,,
5112,9,,,,
5113,0,,,,
5113,1,,,,
5113,2,,,,
5113,3,,,,
5113,4,,,,
5113,5,,,,
5113,6,,,,
5113,7,,,,
5113,8,,,,
5113,9,,,,
5114,0,,,,
5114,1,,,,
5114,2,,,,
5114,3,,,,
5114,4,,,,
5114,5,,,,
5114,6,,,,
5114,7,,,,
5114,8,,,,
5114,9,,,,
5116,0,,,,
5116,1,,,,
5116,2,,,,
5116,3,,,,
5116,4,,,,
5116,5,,,,
5116,6,,,,
5116,7,,,,
5116,8,,,,
5116,9,,,,
5117,0,,,,
5117,1,,,,
5117,2,,,,
5117,3,,,,
5117,4,,,,
5117,5,,,,
5117,6,,,,
5117,7,,,,
5117,8,,,,
5117,9,,,,
5119,0,,,,
5119,1,,,,
5119,2,,,,
5119,3,,,,
5119,4,,,,
5119,5,,,,
5119,6,,,,
5119,7,,,,
5119,8,,,,
5119,9,,,,
5120,0,,,,
5120,1,,,,
5120,2,,,,
5120,3,,,,
5120,4,,,,
5120,5,,,,
5120,6,,,,
5120,7,,,,
5120,8,,,,
5120,9,,,,
5122,0,,,,
5122,1,,,,
5122,2,,,,
5122,3,,,,
5122,4,,,,
5122,5,,,,
5122,6,,,,
5122,7,,,,
5122,8,,,,
5122,9,,,,
5124,0,,,,
5124,1,,,,
5124,2,,,,
5124,3,,,,
5124,4,,,,
5124,5,,,,
5124,6,,,,
5124,7,,,,
5124,8,,,,
5124,9,,,,
5154,0,,,,
5154,1,,,,
5154,2,,,,
5154,3,,,,
5154,4,,,,
5154,5,,,,
5154,6,,,,
5154,7,,,,
5154,8,,,,
5154,9,,,,
5158,0,,,,
5158,1,,,,
5158,2,,,,
5158,3,,,,
5158,4,,,,
5158,5,,,,
5158,6,,,,
5158,7,,,,
5158,8,,,,
5158,9,,,,
5162,0,,,,
5162,1,,,,
5162,2,,,,
5162,3,,,,
5162,4,,,,
5162,5,,,,
5162,6,,,,
5162,7,,,,
5162,8,,,,
5162,9,,,,
5166,0,,,,
5166,1,,,,
5166,2,,,,
5166,3,,,,
5166,4,,,,
5166,5,,,,
5166,6,,,,
5166,7,,,,
5166,8,,,,
5166,9,,,,
5170,0,,,,
5170,1,,,,
5170,2,,,,
5170,3,,,,
5170,4,,,,
5170,5,,,,
5170,6,,,,
5170,7,,,,
5170,8,,,,
5170,9,,,,
5314,0,,,,
5314,1,,,,
5314,2,,,,
5314,3,,,,
5314,4,,,,
5314,5,,,,
5314,6,,,,
5314,7,,,,
5314,8,,,,
5314,9,,,,
5315,0,,,,
5315,1,,,,
5315,2,,,,
5315,3,,,,
5315,4,,,,
5315,5,,,,
5315,6,,,,
5315,7,,,,
5315,8,,,,
5315,9,,,,
5316,0,,,,
5316,1,,,,
5316,2,,,,
5316,3,,,,
5316,4,,,,
5316,5,,,,
5316,6,,,,
5316,7,,,,
5316,8,,,,
5316,9,,,,
5334,0,,,,
5334,1,,,,
5334,2,,,,
5334,3,,,,
5334,4,,,,
5334,5,,,,
5334,6,,,,
5334,7,,,,
5334,8,,,,
5334,9,,,,
5358,0,,,,
5358,1,,,,
5358,2,,,,
5358,3,,,,
5358,4,,,,
5358,5,,,,
5358,6,,,,
5358,7,,,,
5358,8,,,,
5358,9,,,,
5362,0,,,,
5362,1,,,,
5362,2,,,,
5362,3,,,,
5362,4,,,,
5362,5,,,,
5362,6,,,,
5362,7,,,,
5362,8,,,,
5362,9,,,,
5366,0,,,,
5366,1,,,,
5366,2,,,,
5366,3,,,,
5366,4,,,,
5366,5,,,,
5366,6,,,,
5366,7,,,,
5366,8,,,,
5366,9,,,,
5370,0,,,,
5370,1,,,,
5370,2,,,,
5370,3,,,,
5370,4,,,,
5370,5,,,,
5370,6,,,,
5370,7,,,,
5370,8,,,,
5370,9,,,,
5374,0,,,,
5374,1,,,,
5374,2,,,,
5374,3,,,,
5374,4,,,,
5374,5,,,,
5374,6,,,,
5374,7,,,,
5374,8,,,,
5374,9,,,,
5378,0,,,,
5378,1,,,,
5378,2,,,,
5378,3,,,,
5378,4,,,,
5378,5,,,,
5378,6,,,,
5378,7,,,,
5378,8,,,,
5378,9,,,,
5382,0,,,,
5382,1,,,,
5382,2,,,,
5382,3,,,,
5382,4,,,,
5382,5,,,,
5382,6,,,,
5382,7,,,,
5382,8,,,,
5382,9,,,,
5512,0,,,,
5512,1,,,,
5512,2,,,,
5512,3,,,,
5512,4,,,,
5512,5,,,,
5512,6,,,,
5512,7,,,,
5512,8,,,,
5512,9,,,,
5513,0,,,,
5513,1,,,,
5513,2,,,,
5513,3,,,,
5513,4,,,,
5513,5,,,,
5513,6,,,,
5513,7,,,,
5513,8,,,,
5513,9,,,,
5515,0,,,,
5515,1,,,,
5515,2,,,,
5515,3,,,,
5515,4,,,,
5515,5,,,,
5515,6,,,,
5515,7,,,,
5515,8,,,,
5515,9,,,,
5554,0,,,,
5554,1,,,,
5554,2,,,,
5554,3,,,,
5554,4,,,,
5554,5,,,,
5554,6,,,,
5554,7,,,,
5554,8,,,,
5554,9,,,,
5558,0,,,,
5558,1,,,,
5558,2,,,,
5558,3,,,,
5558,4,,,,
5558,5,,,,
5558,6,,,,
5558,7,,,,
5558,8,,,,
5558,9,,,,
5562,0,,,,
5562,1,,,,
5562,2,,,,
5562,3,,,,
5562,4,,,,
5562,5,,,,
5562,6,,,,
5562,7,,,,
5562,8,,,,
5562,9,,,,
5566,0,,,,
5566,1,,,,
5566,2,,,,
5566,3,,,,
5566,4,,,,
5566,5,,,,
5566,6,,,,
5566,7,,,,
5566,8,,,,
5566,9,,,,
5570,0,,,,
5570,1,,,,
5570,2,,,,
5570,3,,,,
5570,4,,,,
5570,5,,,,
5570,6,,,,
5570,7,,,,
5570,8,,,,
5570,9,,,,
5711,0,,,,
5711,1,,,,
5711,2,,,,
5711,3,,,,
5711,4,,,,
5711,5,,,,
5711,6,,,,
5711,7,,,,
5711,8,,,,
5711,9,,,,
5754,0,,,,
5754,1,,,,
5754,2,,,,
5754,3,,,,
5754,4,,,,
5754,5,,,,
5754,6,,,,
5754,7,,,,
5754,8,,,,
5754,9,,,,
5758,0,,,,
5758,1,,,,
5758,2,,,,
5758,3,,,,
5758,4,,,,
5758,5,,,,
5758,6,,,,
5758,7,,,,
5758,8,,,,
5758,9,,,,
5762,0,,,,
5762,1,,,,
5762,2,,,,
5762,3,,,,
5762,4,,,,
5762,5,,,,
5762,6,,,,
5762,7,,,,
5762,8,,,,
5762,9,,,,
5766,0,,,,
5766,1,,,,
5766,2,,,,
5766,3,,,,
5766,4,,,,
5766,5,,,,
5766,6,,,,
5766,7,,,,
5766,8,,,,
5766,9,,,,
5770,0,,,,
5770,1,,,,
5770,2,,,,
5770,3,,,,
5770,4,,,,
5770,5,,,,
5770,6,,,,
5770,7,,,,
5770,8,,,,
5770,9,,,,
5774,0,,,,
5774,1,,,,
5774,2,,,,
5774,3,,,,
5774,4,,,,
5774,5,,,,
5774,6,,,,
5774,7,,,,
5774,8,,,,
5774,9,,,,
5911,0,,,,
5911,1,,,,
5911,2,,,,
5911,3,,,,
5911,4,,,,
5911,5,,,,
5911,6,,,,
5911,7,,,,
5911,8,,,,
5911,9,,,,
5913,0,,,,
5913,1,,,,
5913,2,,,,
5913,3,,,,
5913,4,,,,
5913,5,,,,
5913,6,,,,
5913,7,,,,
5913,8,,,,
5913,9,,,,
5914,0,,,,
5914,1,,,,
5914,2,,,,
5914,3,,,,
5914,4,,,,
5914,5,,,,
5914,6,,,,
5914,7,,,,
5914,8,,,,
5914,9,,,,
5915,0,,,,
5915,1,,,,
5915,2,,,,
5915,3,,,,
5915,4,,,,
5915,5,,,,
5915,6,,,,
5915,7,,,,
5915,8,,,,
5915,9,,,,
5916,0,,,,
5916,1,,,,
5916,2,,,,
5916,3,,,,
5916,4,,,,
5916,5,,,,
5916,6,,,,
5916,7,,,,
5916,8,,,,
5916,9,,,,
5954,0,,,,
5954,1,,,,
5954,2,,,,
5954,3,,,,
5954,4,,,,
5954,5,,,,
5954,6,,,,
5954,7,,,,
5954,8,,,,
5954,9,,,,
5958,0,,,,
5958,1,,,,
5958,2,,,,
5958,3,,,,
5958,4,,,,
5958,5,,,,
5958,6,,,,
5958,7,,,,
5958,8,,,,
5958,9,,,,
5962,0,,,,
5962,1,,,,
5962,2,,,,
5962,3,,,,
5962,4,,,,
5962,5,,,,
5962,6,,,,
5962,7,,,,
5962,8,,,,
5962,9,,,,
5966,0,,,,
5966,1,,,,
5966,2,,,,
5966,3,,,,
5966,4,,,,
5966,5,,,,
5966,6,,,,
5966,7,,,,
5966,8,,,,
5966,9,,,,
5970,0,,,,
5970,1,,,,
5970,2,,,,
5970,3,,,,
5970,4,,,,
5970,5,,,,
5970,6,,,,
5970,7,,,,
5970,8,,,,
5970,9,,,,
5974,0,,,,
5974,1,,,,
5974,2,,,,
5974,3,,,,
5974,4,,,,
5974,5,,,,
5974,6,,,,
5974,7,,,,
5974,8,,,,
5974,9,,,,
5978,0,,,,
5978,1,,,,
5978,2,,,,
5978,3,,,,
5978,4,,,,
5978,5,,,,
5978,6,,,,
5978,7,,,,
5978,8,,,,
5978,9,,,,
6411,0,,,,
6411,1,,,,
6411,2,,,,
6411,3,,,,
6411,4,,,,
6411,5,,,,
6411,6,,,,
6411,7,,,,
6411,8,,,,
6411,9,,,,
6412,0,,,,
6412,1,,,,
6412,2,,,,
6412,3,,,,
6412,4,,,,
6412,5,,,,
6412,6,,,,
6412,7,,,,
6412,8,,,,
6412,9,,,,
6413,0,,,,
6413,1,,,,
6413,2,,,,
6413,3,,,,
6413,4,,,,
6413,5,,,,
6413,6,,,,
6413,7,,,,
6413,8,,,,
6413,9,,,,
6414,0,,,,
6414,1,,,,
6414,2,,,,
6414,3,,,,
6414,4,,,,
6414,5,,,,
6414,6,,,,
6414,7,,,,
6414,8,,,,
6414,9,,,,
6431,0,,,,
6431,1,,,,
6431,2,,,,
6431,3,,,,
6431,4,,,,
6431,5,,,,
6431,6,,,,
6431,7,,,,
6431,8,,,,
6431,9,,,,
6432,0,,,,
6432,1,,,,
6432,2,,,,
6432,3,,,,
6432,4,,,,
6432,5,,,,
6432,6,,,,
6432,7,,,,
6432,8,,,,
6432,9,,,,
6433,0,,,,
6433,1,,,,
6433,2,,,,
6433,3,,,,
6433,4,,,,
6433,5,,,,
6433,6,,,,
6433,7,,,,
6433,8,,,,
6433,9,,,,
6434,0,,,,
6434,1,,,,
6434,2,,,,
6434,3,,,,
6434,4,,,,
6434,5,,,,
6434,6,,,,
6434,7,,,,
6434,8,,,,
6434,9,,,,
6435,0,,,,
6435,1,,,,
6435,2,,,,
6435,3,,,,
6435,4,,,,
6435,5,,,,
6435,6,,,,
6435,7,,,,
6435,8,,,,
6435,9,,,,
6436,0,,,,
6436,1,,,,
6436,2,,,,
6436,3,,,,
6436,4,,,,
6436,5,,,,
6436,6,,,,
6436,7,,,,
6436,8,,,,
6436,9,,,,
6437,0,,,,
6437,1,,,,
6437,2,,,,
6437,3,,,,
6437,4,,,,
6437,5,,,,
6437,6,,,,
6437,7,,,,
6437,8,,,,
6437,9,,,,
6438,0,,,,
6438,1,,,,
6438,2,,,,
6438,3,,,,
6438,4,,,,
6438,5,,,,
6438,6,,,,
6438,7,,,,
6438,8,,,,
6438,9,,,,
6439,0,,,,
6439,1,,,,
6439,2,,,,
6439,3,,,,
6439,4,,,,
6439,5,,,,
6439,6,,,,
6439,7,,,,
6439,8,,,,
6439,9,,,,
6440,0,,,,
6440,1,,,,
6440,2,,,,
6440,3,,,,
6440,4,,,,
6440,5,,,,
6440,6,,,,
6440,7,,,,
6440,8,,,,
6440,9,,,,
6531,0,,,,
6531,1,,,,
6531,2,,,,
6531,3,,,,
6531,4,,,,
6531,5,,,,
6531,6,,,,
6531,7,,,,
6531,8,,,,
6531,9,,,,
6532,0,,,,
6532,1,,,,
6532,2,,,,
6532,3,,,,
6532,4,,,,
6532,5,,,,
6532,6,,,,
6532,7,,,,
6532,8,,,,
6532,9,,,,
6533,0,,,,
6533,1,,,,
6533,2,,,,
6533,3,,,,
6533,4,,,,
6533,5,,,,
6533,6,,,,
6533,7,,,,
6533,8,,,,
6533,9,,,,
6534,0,,,,
6534,1,,,,
6534,2,,,,
6534,3,,,,
6534,4,,,,
6534,5,,,,
6534,6,,,,
6534,7,,,,
6534,8,,,,
6534,9,,,,
6535,0,,,,
6535,1,,,,
6535,2,,,,
6535,3,,,,
6535,4,,,,
6535,5,,,,
6535,6,,,,
6535,7,,,,
6535,8,,,,
6535,9,,,,
6611,0,,,,
6611,1,,,,
6611,2,,,,
6611,3,,,,
6611,4,,,,
6611,5,,,,
6611,6,,,,
6611,7,,,,
6611,8,,,,
6611,9,,,,
6631,0,,,,
6631,1,,,,
6631,2,,,,
6631,3,,,,
6631,4,,,,
6631,5,,,,
6631,6,,,,
6631,7,,,,
6631,8,,,,
6631,9,,,,
6632,0,,,,
6632,1,,,,
6632,2,,,,
6632,3,,,,
6632,4,,,,
6632,5,,,,
6632,6,,,,
6632,7,,,,
6632,8,,,,
6632,9,,,,
6633,0,,,,
6633,1,,,,
6633,2,,,,
6633,3,,,,
6633,4,,,,
6633,5,,,,
6633,6,,,,
6633,7,,,,
6633,8,,,,
6633,9,,,,
6634,0,,,,
6634,1,,,,
6634,2,,,,
6634,3,,,,
6634,4,,,,
6634,5,,,,
6634,6,,,,
6634,7,,,,
6634,8,,,,
6634,9,,,,
6635,0,,,,
6635,1,,,,
6635,2,,,,
6635,3,,,,
6635,4,,,,
6635,5,,,,
6635,6,,,,
6635,7,,,,
6635,8,,,,
6635,9,,,,
6636,0,,,,
6636,1,,,,
6636,2,,,,
6636,3,,,,
6636,4,,,,
6636,5,,,,
6636,6,,,,
6636,7,,,,
6636,8,,,,
6636,9,,,,
7111,0,,,,
7111,1,,,,
7111,2,,,,
7111,3,,,,
7111,4,,,,
7111,5,,,,
7111,6,,,,
7111,7,,,,
7111,8,,,,
7111,9,,,,
7131,0,,,,
7131,1,,,,
7131,2,,,,
7131,3,,,,
7131,4,,,,
7131,5,,,,
7131,6,,,,
7131,7,,,,
7131,8,,,,
7131,9,,,,
7132,0,,,,
7132,1,,,,
7132,2,,,,
7132,3,,,,
7132,4,,,,
7132,5,,,,
7132,6,,,,
7132,7,,,,
7132,8,,,,
7132,9,,,,
7133,0,,,,
7133,1,,,,
7133,2,,,,
7133,3,,,,
7133,4,,,,
7133,5,,,,
7133,6,,,,
7133,7,,,,
7133,8,,,,
7133,9,,,,
7134,0,,,,
7134,1,,,,
7134,2,,,,
7134,3,,,,
7134,4,,,,
7134,5,,,,
7134,6,,,,
7134,7,,,,
7134,8,,,,
7134,9,,,,
7135,0,,,,
7135,1,,,,
7135,2,,,,
7135,3,,,,
7135,4,,,,
7135,5,,,,
7135,6,,,,
7135,7,,,,
7135,8,,,,
7135,9,,,,
7137,0,,,,
7137,1,,,,
7137,2,,,,
7137,3,,,,
7137,4,,,,
7137,5,,,,
7137,6,,,,
7137,7,,,,
7137,8,,,,
7137,9,,,,
7138,0,,,,
7138,1,,,,
7138,2,,,,
7138,3,,,,
7138,4,,,,
7138,5,,,,
7138,6,,,,
7138,7,,,,
7138,8,,,,
7138,9,,,,
7140,0,,,,
7140,1,,,,
7140,2,,,,
7140,3,,,,
7140,4,,,,
7140,5,,,,
7140,6,,,,
7140,7,,,,
7140,8,,,,
7140,9,,,,
7141,0,,,,
7141,1,,,,
7141,2,,,,
7141,3,,,,
7141,4,,,,
7141,5,,,,
7141,6,,,,
7141,7,,,,
7141,8,,,,
7141,9,,,,
7143,0,,,,
7143,1,,,,
7143,2,,,,
7143,3,,,,
7143,4,,,,
7143,5,,,,
7143,6,,,,
7143,7,,,,
7143,8,,,,
7143,9,,,,
7211,0,,,,
7211,1,,,,
7211,2,,,,
7211,3,,,,
7211,4,,,,
7211,5,,,,
7211,6,,,,
7211,7,,,,
7211,8,,,,
7211,9,,,,
7231,0,,,,
7231,1,,,,
7231,2,,,,
7231,3,,,,
7231,4,,,,
7231,5,,,,
7231,6,,,,
7231,7,,,,
7231,8,,,,
7231,9,,,,
7232,0,,,,
7232,1,,,,
7232,2,,,,
7232,3,,,,
7232,4,,,,
7232,5,,,,
7232,6,,,,
7232,7,,,,
7232,8,,,,
7232,9,,,,
7233,0,,,,
7233,1,,,,
7233,2,,,,
7233,3,,,,
7233,4,,,,
7233,5,,,,
7233,6,,,,
7233,7,,,,
7233,8,,,,
7233,9,,,,
7235,0,,,,
7235,1,,,,
7235,2,,,,
7235,3,,,,
7235,4,,,,
7235,5,,,,
7235,6,,,,
7235,7,,,,
7235,8,,,,
7235,9,,,,
7311,0,,,,
7311,1,,,,
7311,2,,,,
7311,3,,,,
7311,4,,,,
7311,5,,,,
7311,6,,,,
7311,7,,,,
7311,8,,,,
7311,9,,,,
7312,0,,,,
7312,1,,,,
7312,2,,,,
7312,3,,,,
7312,4,,,,
7312,5,,,,
7312,6,,,,
7312,7,,,,
7312,8,,,,
7312,9,,,,
7313,0,,,,
7313,1,,,,
7313,2,,,,
7313,3,,,,
7313,4,,,,
7313,5,,,,
7313,6,,,,
7313,7,,,,
7313,8,,,,
7313,9,,,,
7314,0,,,,
7314,1,,,,
7314,2,,,,
7314,3,,,,
7314,4,,,,
7314,5,,,,
7314,6,,,,
7314,7,,,,
7314,8,,,,
7314,9,,,,
7315,0,,,,
7315,1,,,,
7315,2,,,,
7315,3,,,,
7315,4,,,,
7315,5,,,,
7315,6,,,,
7315,7,,,,
7315,8,,,,
7315,9,,,,
7316,0,,,,
7316,1,,,,
7316,2,,,,
7316,3,,,,
7316,4,,,,
7316,5,,,,
7316,6,,,,
7316,7,,,,
7316,8,,,,
7316,9,,,,
7317,0,,,,
7317,1,,,,
7317,2,,,,
7317,3,,,,
7317,4,,,,
7317,5,,,,
7317,6,,,,
7317,7,,,,
7317,8,,,,
7317,9,,,,
7318,0,,,,
7318,1,,,,
7318,2,,,,
7318,3,,,,
7318,4,,,,
7318,5,,,,
7318,6,,,,
7318,7,,,,
7318,8,,,,
7318,9,,,,
7319,0,,,,
7319,1,,,,
7319,2,,,,
7319,3,,,,
7319,4,,,,
7319,5,,,,
7319,6,,,,
7319,7,,,,
7319,8,,,,
7319,9,,,,
7320,0,,,,
7320,1,,,,
7320,2,,,,
7320,3,,,,
7320,4,,,,
7320,5,,,,
7320,6,,,,
7320,7,,,,
7320,8,,,,
7320,9,,,,
7331,0,,,,
7331,1,,,,
7331,2,,,,
7331,3,,,,
7331,4,,,,
7331,5,,,,
7331,6,,,,
7331,7,,,,
7331,8,,,,
7331,9,,,,
7332,0,,,,
7332,1,,,,
7332,2,,,,
7332,3,,,,
7332,4,,,,
7332,5,,,,
7332,6,,,,
7332,7,,,,
7332,8,,,,
7332,9,,,,
7333,0,,,,
7333,1,,,,
7333,2,,,,
7333,3,,,,
7333,4,,,,
7333,5,,,,
7333,6,,,,
7333,7,,,,
7333,8,,,,
7333,9,,,,
7334,0,,,,
7334,1,,,,
7334,2,,,,
7334,3,,,,
7334,4,,,,
7334,5,,,,
7334,6,,,,
7334,7,,,,
7334,8,,,,
7334,9,,,,
7335,0,,,,
7335,1,,,,
7335,2,,,,
7335,3,,,,
7335,4,,,,
7335,5,,,,
7335,6,,,,
7335,7,,,,
7335,8,,,,
7335,9,,,,
7336,0,,,,
7336,1,,,,
7336,2,,,,
7336,3,,,,
7336,4,,,,
7336,5,,,,
7336,6,,,,
7336,7,,,,
7336,8,,,,
7336,9,,,,
7337,0,,,,
7337,1,,,,
7337,2,,,,
7337,3,,,,
7337,4,,,,
7337,5,,,,
7337,6,,,,
7337,7,,,,
7337,8,,,,
7337,9,,,,
7338,0,,,,
7338,1,,,,
7338,2,,,,
7338,3,,,,
7338,4,,,,
7338,5,,,,
7338,6,,,,
7338,7,,,,
7338,8,,,,
7338,9,,,,
7339,0,,,,
7339,1,,,,
7339,2,,,,
7339,3,,,,
7339,4,,,,
7339,5,,,,
7339,6,,,,
7339,7,,,,
7339,8,,,,
7339,9,,,,
7340,0,,,,
7340,1,,,,
7340,2,,,,
7340,3,,,,
7340,4,,,,
7340,5,,,,
7340,6,,,,
7340,7,,,,
7340,8,,,,
7340,9,,,,
8111,0,,,,
8111,1,,,,
8111,2,,,,
8111,3,,,,
8111,4,,,,
8111,5,,,,
8111,6,,,,
8111,7,,,,
8111,8,,,,
8111,9,,,,
8115,0,,,,
8115,1,,,,
8115,2,,,,
8115,3,,,,
8115,4,,,,
8115,5,,,,
8115,6,,,,
8115,7,,,,
8115,8,,,,
8115,9,,,,
8116,0,,,,
8116,1,,,,
8116,2,,,,
8116,3,,,,
8116,4,,,,
8116,5,,,,
8116,6,,,,
8116,7,,,,
8116,8,,,,
8116,9,,,,
8117,0,,,,
8117,1,,,,
8117,2,,,,
8117,3,,,,
8117,4,,,,
8117,5,,,,
8117,6,,,,
8117,7,,,,
8117,8,,,,
8117,9,,,,
8118,0,,,,
8118,1,,,,
8118,2,,,,
8118,3,,,,
8118,4,,,,
8118,5,,,,
8118,6,,,,
8118,7,,,,
8118,8,,,,
8118,9,,,,
8119,0,,,,
8119,1,,,,
8119,2,,,,
8119,3,,,,
8119,4,,,,
8119,5,,,,
8119,6,,,,
8119,7,,,,
8119,8,,,,
8119,9,,,,
8121,0,,,,
8121,1,,,,
8121,2,,,,
8121,3,,,,
8121,4,,,,
8121,5,,,,
8121,6,,,,
8121,7,,,,
8121,8,,,,
8121,9,,,,
8125,0,,,,
8125,1,,,,
8125,2,,,,
8125,3,,,,
8125,4,,,,
8125,5,,,,
8125,6,,,,
8125,7,,,,
8125,8,,,,
8125,9,,,,
8126,0,,,,
8126,1,,,,
8126,2,,,,
8126,3,,,,
8126,4,,,,
8126,5,,,,
8126,6,,,,
8126,7,,,,
8126,8,,,,
8126,9,,,,
8127,0,,,,
8127,1,,,,
8127,2,,,,
8127,3,,,,
8127,4,,,,
8127,5,,,,
8127,6,,,,
8127,7,,,,
8127,8,,,,
8127,9,,,,
8128,0,,,,
8128,1,,,,
8128,2,,,,
8128,3,,,,
8128,4,,,,
8128,5,,,,
8128,6,,,,
8128,7,,,,
8128,8,,,,
8128,9,,,,
8135,0,,,,
8135,1,,,,
8135,2,,,,
8135,3,,,,
8135,4,,,,
8135,5,,,,
8135,6,,,,
8135,7,,,,
8135,8,,,,
8135,9,,,,
8136,0,,,,
8136,1,,,,
8136,2,,,,
8136,3,,,,
8136,4,,,,
8136,5,,,,
8136,6,,,,
8136,7,,,,
8136,8,,,,
8136,9,,,,
8211,0,,,,
8211,1,,,,
8211,2,,,,
8211,3,,,,
8211,4,,,,
8211,5,,,,
8211,6,,,,
8211,7,,,,
8211,8,,,,
8211,9,,,,
8212,0,,,,
8212,1,,,,
8212,2,,,,
8212,3,,,,
8212,4,,,,
8212,5,,,,
8212,6,,,,
8212,7,,,,
8212,8,,,,
8212,9,,,,
8215,0,,,,
8215,1,,,,
8215,2,,,,
8215,3,,,,
8215,4,,,,
8215,5,,,,
8215,6,,,,
8215,7,,,,
8215,8,,,,
8215,9,,,,
8216,0,,,,
8216,1,,,,
8216,2,,,,
8216,3,,,,
8216,4,,,,
8216,5,,,,
8216,6,,,,
8216,7,,,,
8216,8,,,,
8216,9,,,,
8221,0,,,,
8221,1,,,,
8221,2,,,,
8221,3,,,,
8221,4,,,,
8221,5,,,,
8221,6,,,,
8221,7,,,,
8221,8,,,,
8221,9,,,,
8222,0,,,,
8222,1,,,,
8222,2,,,,
8222,3,,,,
8222,4,,,,
8222,5,,,,
8222,6,,,,
8222,7,,,,
8222,8,,,,
8222,9,,,,
8225,0,,,,
8225,1,,,,
8225,2,,,,
8225,3,,,,
8225,4,,,,
8225,5,,,,
8225,6,,,,
8225,7,,,,
8225,8,,,,
8225,9,,,,
8226,0,,,,
8226,1,,,,
8226,2,,,,
8226,3,,,,
8226,4,,,,
8226,5,,,,
8226,6,,,,
8226,7,,,,
8226,8,,,,
8226,9,,,,
8231,0,,,,
8231,1,,,,
8231,2,,,,
8231,3,,,,
8231,4,,,,
8231,5,,,,
8231,6,,,,
8231,7,,,,
8231,8,,,,
8231,9,,,,
8235,0,,,,
8235,1,,,,
8235,2,,,,
8235,3,,,,
8235,4,,,,
8235,5,,,,
8235,6,,,,
8235,7,,,,
8235,8,,,,
8235,9,,,,
8236,0,,,,
8236,1,,,,
8236,2,,,,
8236,3,,,,
8236,4,,,,
8236,5,,,,
8236,6,,,,
8236,7,,,,
8236,8,,,,
8236,9,,,,
8237,0,,,,
8237,1,,,,
8237,2,,,,
8237,3,,,,
8237,4,,,,
8237,5,,,,
8237,6,,,,
8237,7,,,,
8237,8,,,,
8237,9,,,,
8311,0,,,,
8311,1,,,,
8311,2,,,,
8311,3,,,,
8311,4,,,,
8311,5,,,,
8311,6,,,,
8311,7,,,,
8311,8,,,,
8311,9,,,,
8315,0,,,,
8315,1,,,,
8315,2,,,,
8315,3,,,,
8315,4,,,,
8315,5,,,,
8315,6,,,,
8315,7,,,,
8315,8,,,,
8315,9,,,,
8316,0,,,,
8316,1,,,,
8316,2,,,,
8316,3,,,,
8316,4,,,,
8316,5,,,,
8316,6,,,,
8316,7,,,,
8316,8,,,,
8316,9,,,,
8317,0,,,,
8317,1,,,,
8317,2,,,,
8317,3,,,,
8317,4,,,,
8317,5,,,,
8317,6,,,,
8317,7,,,,
8317,8,,,,
8317,9,,,,
8325,0,,,,
8325,1,,,,
8325,2,,,,
8325,3,,,,
8325,4,,,,
8325,5,,,,
8325,6,,,,
8325,7,,,,
8325,8,,,,
8325,9,,,,
8326,0,,,,
8326,1,,,,
8326,2,,,,
8326,3,,,,
8326,4,,,,
8326,5,,,,
8326,6,,,,
8326,7,,,,
8326,8,,,,
8326,9,,,,
8327,0,,,,
8327,1,,,,
8327,2,,,,
8327,3,,,,
8327,4,,,,
8327,5,,,,
8327,6,,,,
8327,7,,,,
8327,8,,,,
8327,9,,,,
8335,0,,,,
8335,1,,,,
8335,2,,,,
8335,3,,,,
8335,4,,,,
8335,5,,,,
8335,6,,,,
8335,7,,,,
8335,8,,,,
8335,9,,,,
8336,0,,,,
8336,1,,,,
8336,2,,,,
8336,3,,,,
8336,4,,,,
8336,5,,,,
8336,6,,,,
8336,7,,,,
8336,8,,,,
8336,9,,,,
8337,0,,,,
8337,1,,,,
8337,2,,,,
8337,3,,,,
8337,4,,,,
8337,5,,,,
8337,6,,,,
8337,7,,,,
8337,8,,,,
8337,9,,,,
8415,0,,,,
8415,1,,,,
8415,2,,,,
8415,3,,,,
8415,4,,,,
8415,5,,,,
8415,6,,,,
8415,7,,,,
8415,8,,,,
8415,9,,,,
8416,0,,,,
8416,1,,,,
8416,2,,,,
8416,3,,,,
8416,4,,,,
8416,5,,,,
8416,6,,,,
8416,7,,,,
8416,8,,,,
8416,9,,,,
8417,0,,,,
8417,1,,,,
8417,2,,,,
8417,3,,,,
8417,4,,,,
8417,5,,,,
8417,6,,,,
8417,7,,,,
8417,8,,,,
8417,9,,,,
8421,0,,,,
8421,1,,,,
8421,2,,,,
8421,3,,,,
8421,4,,,,
8421,5,,,,
8421,6,,,,
8421,7,,,,
8421,8,,,,
8421,9,,,,
8425,0,,,,
8425,1,,,,
8425,2,,,,
8425,3,,,,
8425,4,,,,
8425,5,,,,
8425,6,,,,
8425,7,,,,
8425,8,,,,
8425,9,,,,
8426,0,,,,
8426,1,,,,
8426,2,,,,
8426,3,,,,
8426,4,,,,
8426,5,,,,
8426,6,,,,
8426,7,,,,
8426,8,,,,
8426,9,,,,
8435,0,,,,
8435,1,,,,
8435,2,,,,
8435,3,,,,
8435,4,,,,
8435,5,,,,
8435,6,,,,
8435,7,,,,
8435,8,,,,
8435,9,,,,
8436,0,,,,
8436,1,,,,
8436,2,,,,
8436,3,,,,
8436,4,,,,
8436,5,,,,
8436,6,,,,
8436,7,,,,
8436,8,,,,
8436,9,,,,
8437,0,,,,
8437,1,,,,
8437,2,,,,
8437,3,,,,
8437,4,,,,
8437,5,,,,
8437,6,,,,
8437,7,,,,
8437,8,,,,
8437,9,,,,
9161,0,,,,
9161,1,,,,
9161,2,,,,
9161,3,,,,
9161,4,,,,
9161,5,,,,
9161,6,,,,
9161,7,,,,
9161,8,,,,
9161,9,,,,
9162,0,,,,
9162,1,,,,
9162,2,,,,
9162,3,,,,
9162,4,,,,
9162,5,,,,
9162,6,,,,
9162,7,,,,
9162,8,,,,
9162,9,,,,
9163,0,,,,
9163,1,,,,
9163,2,,,,
9163,3,,,,
9163,4,,,,
9163,5,,,,
9163,6,,,,
9163,7,,,,
9163,8,,,,
9163,9,,,,
9171,0,,,,
9171,1,,,,
9171,2,,,,
9171,3,,,,
9171,4,,,,
9171,5,,,,
9171,6,,,,
9171,7,,,,
9171,8,,,,
9171,9,,,,
9172,0,,,,
9172,1,,,,
9172,2,,,,
9172,3,,,,
9172,4,,,,
9172,5,,,,
9172,6,,,,
9172,7,,,,
9172,8,,,,
9172,9,,,,
9173,0,,,,
9173,1,,,,
9173,2,,,,
9173,3,,,,
9173,4,,,,
9173,5,,,,
9173,6,,,,
9173,7,,,,
9173,8,,,,
9173,9,,,,
9174,0,,,,
9174,1,,,,
9174,2,,,,
9174,3,,,,
9174,4,,,,
9174,5,,,,
9174,6,,,,
9174,7,,,,
9174,8,,,,
9174,9,,,,
9175,0,,,,
9175,1,,,,
9175,2,,,,
9175,3,,,,
9175,4,,,,
9175,5,,,,
9175,6,,,,
9175,7,,,,
9175,8,,,,
9175,9,,,,
9176,0,,,,
9176,1,,,,
9176,2,,,,
9176,3,,,,
9176,4,,,,
9176,5,,,,
9176,6,,,,
9176,7,,,,
9176,8,,,,
9176,9,,,,
9177,0,,,,
9177,1,,,,
9177,2,,,,
9177,3,,,,
9177,4,,,,
9177,5,,,,
9177,6,,,,
9177,7,,,,
9177,8,,,,
9177,9,,,,
9178,0,,,,
9178,1,,,,
9178,2,,,,
9178,3,,,,
9178,4,,,,
9178,5,,,,
9178,6,,,,
9178,7,,,,
9178,8,,,,
9178,9,,,,
9179,0,,,,
9179,1,,,,
9179,2,,,,
9179,3,,,,
9179,4,,,,
9179,5,,,,
9179,6,,,,
9179,7,,,,
9179,8,,,,
9179,9,,,,
9180,0,,,,
9180,1,,,,
9180,2,,,,
9180,3,,,,
9180,4,,,,
9180,5,,,,
9180,6,,,,
9180,7,,,,
9180,8,,,,
9180,9,,,,
9181,0,,,,
9181,1,,,,
9181,2,,,,
9181,3,,,,
9181,4,,,,
9181,5,,,,
9181,6,,,,
9181,7,,,,
9181,8,,,,
9181,9,,,,
9182,0,,,,
9182,1,,,,
9182,2,,,,
9182,3,,,,
9182,4,,,,
9182,5,,,,
9182,6,,,,
9182,7,,,,
9182,8,,,,
9182,9,,,,
9183,0,,,,
9183,1,,,,
9183,2,,,,
9183,3,,,,
9183,4,,,,
9183,5,,,,
9183,6,,,,
9183,7,,,,
9183,8,,,,
9183,9,,,,
9184,0,,,,
9184,1,,,,
9184,2,,,,
9184,3,,,,
9184,4,,,,
9184,5,,,,
9184,6,,,,
9184,7,,,,
9184,8,,,,
9184,9,,,,
9185,0,,,,
9185,1,,,,
9185,2,,,,
9185,3,,,,
9185,4,,,,
9185,5,,,,
9185,6,,,,
9185,7,,,,
9185,8,,,,
9185,9,,,,
9186,0,,,,
9186,1,,,,
9186,2,,,,
9186,3,,,,
9186,4,,,,
9186,5,,,,
9186,6,,,,
9186,7,,,,
9186,8,,,,
9186,9,,,,
9187,0,,,,
9187,1,,,,
9187,2,,,,
9187,3,,,,
9187,4,,,,
9187,5,,,,
9187,6,,,,
9187,7,,,,
9187,8,,,,
9187,9,,,,
9188,0,,,,
9188,1,,,,
9188,2,,,,
9188,3,,,,
9188,4,,,,
9188,5,,,,
9188,6,,,,
9188,7,,,,
9188,8,,,,
9188,9,,,,
9189,0,,,,
9189,1,,,,
9189,2,,,,
9189,3,,,,
9189,4,,,,
9189,5,,,,
9189,6,,,,
9189,7,,,,
9189,8,,,,
9189,9,,,,
9190,0,,,,
9190,1,,,,
9190,2,,,,
9190,3,,,,
9190,4,,,,
9190,5,,,,
9190,6,,,,
9190,7,,,,
9190,8,,,,
9190,9,,,,
9261,0,,,,
9261,1,,,,
9261,2,,,,
9261,3,,,,
9261,4,,,,
9261,5,,,,
9261,6,,,,
9261,7,,,,
9261,8,,,,
9261,9,,,,
9262,0,,,,
9262,1,,,,
9262,2,,,,
9262,3,,,,
9262,4,,,,
9262,5,,,,
9262,6,,,,
9262,7,,,,
9262,8,,,,
9262,9,,,,
9263,0,,,,
9263,1,,,,
9263,2,,,,
9263,3,,,,
9263,4,,,,
9263,5,,,,
9263,6,,,,
9263,7,,,,
9263,8,,,,
9263,9,,,,
9271,0,,,,
9271,1,,,,
9271,2,,,,
9271,3,,,,
9271,4,,,,
9271,5,,,,
9271,6,,,,
9271,7,,,,
9271,8,,,,
9271,9,,,,
9272,0,,,,
9272,1,,,,
9272,2,,,,
9272,3,,,,
9272,4,,,,
9272,5,,,,
9272,6,,,,
9272,7,,,,
9272,8,,,,
9272,9,,,,
9273,0,,,,
9273,1,,,,
9273,2,,,,
9273,3,,,,
9273,4,,,,
9273,5,,,,
9273,6,,,,
9273,7,,,,
9273,8,,,,
9273,9,,,,
9274,0,,,,
9274,1,,,,
9274,2,,,,
9274,3,,,,
9274,4,,,,
9274,5,,,,
9274,6,,,,
9274,7,,,,
9274,8,,,,
9274,9,,,,
9275,0,,,,
9275,1,,,,
9275,2,,,,
9275,3,,,,
9275,4,,,,
9275,5,,,,
9275,6,,,,
9275,7,,,,
9275,8,,,,
9275,9,,,,
9276,0,,,,
9276,1,,,,
9276,2,,,,
9276,3,,,,
9276,4,,,,
9276,5,,,,
9276,6,,,,
9276,7,,,,
9276,8,,,,
9276,9,,,,
9277,0,,,,
9277,1,,,,
9277,2,,,,
9277,3,,,,
9277,4,,,,
9277,5,,,,
9277,6,,,,
9277,7,,,,
9277,8,,,,
9277,9,,,,
9278,0,,,,
9278,1,,,,
9278,2,,,,
9278,3,,,,
9278,4,,,,
9278,5,,,,
9278,6,,,,
9278,7,,,,
9278,8,,,,
9278,9,,,,
9279,0,,,,
9279,1,,,,
9279,2,,,,
9279,3,,,,
9279,4,,,,
9279,5,,,,
9279,6,,,,
9279,7,,,,
9279,8,,,,
9279,9,,,,
9361,0,,,,
9361,1,,,,
9361,2,,,,
9361,3,,,,
9361,4,,,,
9361,5,,,,
9361,6,,,,
9361,7,,,,
9361,8,,,,
9361,9,,,,
9362,0,,,,
9362,1,,,,
9362,2,,,,
9362,3,,,,
9362,4,,,,
9362,5,,,,
9362,6,,,,
9362,7,,,,
9362,8,,,,
9362,9,,,,
9363,0,,,,
9363,1,,,,
9363,2,,,,
9363,3,,,,
9363,4,,,,
9363,5,,,,
9363,6,,,,
9363,7,,,,
9363,8,,,,
9363,9,,,,
9371,0,,,,
9371,1,,,,
9371,2,,,,
9371,3,,,,
9371,4,,,,
9371,5,,,,
9371,6,,,,
9371,7,,,,
9371,8,,,,
9371,9,,,,
9372,0,,,,
9372,1,,,,
9372,2,,,,
9372,3,,,,
9372,4,,,,
9372,5,,,,
9372,6,,,,
9372,7,,,,
9372,8,,,,
9372,9,,,,
9373,0,,,,
9373,1,,,,
9373,2,,,,
9373,3,,,,
9373,4,,,,
9373,5,,,,
9373,6,,,,
9373,7,,,,
9373,8,,,,
9373,9,,,,
9374,0,,,,
9374,1,,,,
9374,2,,,,
9374,3,,,,
9374,4,,,,
9374,5,,,,
9374,6,,,,
9374,7,,,,
9374,8,,,,
9374,9,,,,
9375,0,,,,
9375,1,,,,
9375,2,,,,
9375,3,,,,
9375,4,,,,
9375,5,,,,
9375,6,,,,
9375,7,,,,
9375,8,,,,
9375,9,,,,
9376,0,,,,
9376,1,,,,
9376,2,,,,
9376,3,,,,
9376,4,,,,
9376,5,,,,
9376,6,,,,
9376,7,,,,
9376,8,,,,
9376,9,,,,
9377,0,,,,
9377,1,,,,
9377,2,,,,
9377,3,,,,
9377,4,,,,
9377,5,,,,
9377,6,,,,
9377,7,,,,
9377,8,,,,
9377,9,,,,
9461,0,,,,
9461,1,,,,
9461,2,,,,
9461,3,,,,
9461,4,,,,
9461,5,,,,
9461,6,,,,
9461,7,,,,
9461,8,,,,
9461,9,,,,
9462,0,,,,
9462,1,,,,
9462,2,,,,
9462,3,,,,
9462,4,,,,
9462,5,,,,
9462,6,,,,
9462,7,,,,
9462,8,,,,
9462,9,,,,
9463,0,,,,
9463,1,,,,
9463,2,,,,
9463,3,,,,
9463,4,,,,
9463,5,,,,
9463,6,,,,
9463,7,,,,
9463,8,,,,
9463,9,,,,
9464,0,,,,
9464,1,,,,
9464,2,,,,
9464,3,,,,
9464,4,,,,
9464,5,,,,
9464,6,,,,
9464,7,,,,
9464,8,,,,
9464,9,,,,
9471,0,,,,
9471,1,,,,
9471,2,,,,
9471,3,,,,
9471,4,,,,
9471,5,,,,
9471,6,,,,
9471,7,,,,
9471,8,,,,
9471,9,,,,
9472,0,,,,
9472,1,,,,
9472,2,,,,
9472,3,,,,
9472,4,,,,
9472,5,,,,
9472,6,,,,
9472,7,,,,
9472,8,,,,
9472,9,,,,
9473,0,,,,
9473,1,,,,
9473,2,,,,
9473,3,,,,
9473,4,,,,
9473,5,,,,
9473,6,,,,
9473,7,,,,
9473,8,,,,
9473,9,,,,
9474,0,,,,
9474,1,,,,
9474,2,,,,
9474,3,,,,
9474,4,,,,
9474,5,,,,
9474,6,,,,
9474,7,,,,
9474,8,,,,
9474,9,,,,
9475,0,,,,
9475,1,,,,
9475,2,,,,
9475,3,,,,
9475,4,,,,
9475,5,,,,
9475,6,,,,
9475,7,,,,
9475,8,,,,
9475,9,,,,
9476,0,,,,
9476,1,,,,
9476,2,,,,
9476,3,,,,
9476,4,,,,
9476,5,,,,
9476,6,,,,
9476,7,,,,
9476,8,,,,
9476,9,,,,
9477,0,,,,
9477,1,,,,
9477,2,,,,
9477,3,,,,
9477,4,,,,
9477,5,,,,
9477,6,,,,
9477,7,,,,
9477,8,,,,
9477,9,,,,
9478,0,,,,
9478,1,,,,
9478,2,,,,
9478,3,,,,
9478,4,,,,
9478,5,,,,
9478,6,,,,
9478,7,,,,
9478,8,,,,
9478,9,,,,
9479,0,,,,
9479,1,,,,
9479,2,,,,
9479,3,,,,
9479,4,,,,
9479,5,,,,
9479,6,,,,
9479,7,,,,
9479,8,,,,
9479,9,,,,
9561,0,,,,
9561,1,,,,
9561,2,,,,
9561,3,,,,
9561,4,,,,
9561,5,,,,
9561,6,,,,
9561,7,,,,
9561,8,,,,
9561,9,,,,
9562,0,,,,
9562,1,,,,
9562,2,,,,
9562,3,,,,
9562,4,,,,
9562,5,,,,
9562,6,,,,
9562,7,,,,
9562,8,,,,
9562,9,,,,
9563,0,,,,
9563,1,,,,
9563,2,,,,
9563,3,,,,
9563,4,,,,
9563,5,,,,
9563,6,,,,
9563,7,,,,
9563,8,,,,
9563,9,,,,
9564,0,,,,
9564,1,,,,
9564,2,,,,
9564,3,,,,
9564,4,,,,
9564,5,,,,
9564,6,,,,
9564,7,,,,
9564,8,,,,
9564,9,,,,
9565,0,,,,
9565,1,,,,
9565,2,,,,
9565,3,,,,
9565,4,,,,
9565,5,,,,
9565,6,,,,
9565,7,,,,
9565,8,,,,
9565,9,,,,
9571,0,,,,
9571,1,,,,
9571,2,,,,
9571,3,,,,
9571,4,,,,
9571,5,,,,
9571,6,,,,
9571,7,,,,
9571,8,,,,
9571,9,,,,
9572,0,,,,
9572,1,,,,
9572,2,,,,
9572,3,,,,
9572,4,,,,
9572,5,,,,
9572,6,,,,
9572,7,,,,
9572,8,,,,
9572,9,,,,
9573,0,,,,
9573,1,,,,
9573,2,,,,
9573,3,,,,
9573,4,,,,
9573,5,,,,
9573,6,,,,
9573,7,,,,
9573,8,,,,
9573,9,,,,
9574,0,,,,
9574,1,,,,
9574,2,,,,
9574,3,,,,
9574,4,,,,
9574,5,,,,
9574,6,,,,
9574,7,,,,
9574,8,,,,
9574,9,,,,
9575,0,,,,
9575,1,,,,
9575,2,,,,
9575,3,,,,
9575,4,,,,
9575,5,,,,
9575,6,,,,
9575,7,,,,
9575,8,,,,
9575,9,,,,
9576,0,,,,
9576,1,,,,
9576,2,,,,
9576,3,,,,
9576,4,,,,
9576,5,,,,
9576,6,,,,
9576,7,,,,
9576,8,,,,
9576,9,,,,
9577,0,,,,
9577,1,,,,
9577,2,,,,
9577,3,,,,
9577,4,,,,
9577,5,,,,
9577,6,,,,
9577,7,,,,
9577,8,,,,
9577,9,,,,
9661,0,,,,
9661,1,,,,
9661,2,,,,
9661,3,,,,
9661,4,,,,
9661,5,,,,
9661,6,,,,
9661,7,,,,
9661,8,,,,
9661,9,,,,
9662,0,,,,
9662,1,,,,
9662,2,,,,
9662,3,,,,
9662,4,,,,
9662,5,,,,
9662,6,,,,
9662,7,,,,
9662,8,,,,
9662,9,,,,
9663,0,,,,
9663,1,,,,
9663,2,,,,
9663,3,,,,
9663,4,,,,
9663,5,,,,
9663,6,,,,
9663,7,,,,
9663,8,,,,
9663,9,,,,
9671,0,,,,
9671,1,,,,
9671,2,,,,
9671,3,,,,
9671,4,,,,
9671,5,,,,
9671,6,,,,
9671,7,,,,
9671,8,,,,
9671,9,,,,
9672,0,,,,
9672,1,,,,
9672,2,,,,
9672,3,,,,
9672,4,,,,
9672,5,,,,
9672,6,,,,
9672,7,,,,
9672,8,,,,
9672,9,,,,
9673,0,,,,
9673,1,,,,
9673,2,,,,
9673,3,,,,
9673,4,,,,
9673,5,,,,
9673,6,,,,
9673,7,,,,
9673,8,,,,
9673,9,,,,
9674,0,,,,
9674,1,,,,
9674,2,,,,
9674,3,,,,
9674,4,,,,
9674,5,,,,
9674,6,,,,
9674,7,,,,
9674,8,,,,
9674,9,,,,
9675,0,,,,
9675,1,,,,
9675,2,,,,
9675,3,,,,
9675,4,,,,
9675,5,,,,
9675,6,,,,
9675,7,,,,
9675,8,,,,
9675,9,,,,
9676,0,,,,
9676,1,,,,
9676,2,,,,
9676,3,,,,
9676,4,,,,
9676,5,,,,
9676,6,,,,
9676,7,,,,
9676,8,,,,
9676,9,,,,
9677,0,,,,
9677,1,,,,
9677,2,,,,
9677,3,,,,
9677,4,,,,
9677,5,,,,
9677,6,,,,
9677,7,,,,
9677,8,,,,
9677,9,,,,
9678,0,,,,
9678,1,,,,
9678,2,,,,
9678,3,,,,
9678,4,,,,
9678,5,,,,
9678,6,,,,
9678,7,,,,
9678,8,,,,
9678,9,,,,
9679,0,,,,
9679,1,,,,
9679,2,,,,
9679,3,,,,
9679,4,,,,
9679,5,,,,
9679,6,,,,
9679,7,,,,
9679,8,,,,
9679,9,,,,
9761,0,,,,
9761,1,,,,
9761,2,,,,
9761,3,,,,
9761,4,,,,
9761,5,,,,
9761,6,,,,
9761,7,,,,
9761,8,,,,
9761,9,,,,
9762,0,,,,
9762,1,,,,
9762,2,,,,
9762,3,,,,
9762,4,,,,
9762,5,,,,
9762,6,,,,
9762,7,,,,
9762,8,,,,
9762,9,,,,
9763,0,,,,
9763,1,,,,
9763,2,,,,
9763,3,,,,
9763,4,,,,
9763,5,,,,
9763,6,,,,
9763,7,,,,
9763,8,,,,
9763,9,,,,
9764,0,,,,
9764,1,,,,
9764,2,,,,
9764,3,,,,
9764,4,,,,
9764,5,,,,
9764,6,,,,
9764,7,,,,
9764,8,,,,
9764,9,,,,
9771,0,,,,
9771,1,,,,
9771,2,,,,
9771,3,,,,
9771,4,,,,
9771,5,,,,
9771,6,,,,
9771,7,,,,
9771,8,,,,
9771,9,,,,
9772,0,,,,
9772,1,,,,
9772,2,,,,
9772,3,,,,
9772,4,,,,
9772,5,,,,
9772,6,,,,
9772,7,,,,
9772,8,,,,
9772,9,,,,
9773,0,,,,
9773,1,,,,
9773,2,,,,
9773,3,,,,
9773,4,,,,
9773,5,,,,
9773,6,,,,
9773,7,,,,
9773,8,,,,
9773,9,,,,
9774,0,,,,
9774,1,,,,
9774,2,,,,
9774,3,,,,
9774,4,,,,
9774,5,,,,
9774,6,,,,
9774,7,,,,
9774,8,,,,
9774,9,,,,
9775,0,,,,
9775,1,,,,
9775,2,,,,
9775,3,,,,
9775,4,,,,
9775,5,,,,
9775,6,,,,
9775,7,,,,
9775,8,,,,
9775,9,,,,
9776,0,,,,
9776,1,,,,
9776,2,,,,
9776,3,,,,
9776,4,,,,
9776,5,,,,
9776,6,,,,
9776,7,,,,
9776,8,,,,
9776,9,,,,
9777,0,,,,
9777,1,,,,
9777,2,,,,
9777,3,,,,
9777,4,,,,
9777,5,,,,
9777,6,,,,
9777,7,,,,
9777,8,,,,
9777,9,,,,
9778,0,,,,
9778,1,,,,
9778,2,,,,
9778,3,,,,
9778,4,,,,
9778,5,,,,
9778,6,,,,
9778,7,,,,
9778,8,,,,
9778,9,,,,
9779,0,,,,
9779,1,,,,
9779,2,,,,
9779,3,,,,
9779,4,,,,
9779,5,,,,
9779,6,,,,
9779,7,,,,
9779,8,,,,
9779,9,,,,
9780,0,,,,
9780,1,,,,
9780,2,,,,
9780,3,,,,
9780,4,,,,
9780,5,,,,
9780,6,,,,
9780,7,,,,
9780,8,,,,
9780,9,,,,
10041,0,,,,
10041,1,,,,
10041,2,,,,
10041,3,,,,
10041,4,,,,
10041,5,,,,
10041,6,,,,
10041,7,,,,
10041,8,,,,
10041,9,,,,
10042,0,,,,
10042,1,,,,
10042,2,,,,
10042,3,,,,
10042,4,,,,
10042,5,,,,
10042,6,,,,
10042,7,,,,
10042,8,,,,
10042,9,,,,
10043,0,,,,
10043,1,,,,
10043,2,,,,
10043,3,,,,
10043,4,,,,
10043,5,,,,
10043,6,,,,
10043,7,,,,
10043,8,,,,
10043,9,,,,
10044,0,,,,
10044,1,,,,
10044,2,,,,
10044,3,,,,
10044,4,,,,
10044,5,,,,
10044,6,,,,
10044,7,,,,
10044,8,,,,
10044,9,,,,
10045,0,,,,
10045,1,,,,
10045,2,,,,
10045,3,,,,
10045,4,,,,
10045,5,,,,
10045,6,,,,
10045,7,,,,
10045,8,,,,
10045,9,,,,
10046,0,,,,
10046,1,,,,
10046,2,,,,
10046,3,,,,
10046,4,,,,
10046,5,,,,
10046,6,,,,
10046,7,,,,
10046,8,,,,
10046,9,,,,
11000,0,,,,
11000,1,,,,
11000,2,,,,
11000,3,,,,
11000,4,,,,
11000,5,,,,
11000,6,,,,
11000,7,,,,
11000,8,,,,
11000,9,,,,
12051,0,,,,
12051,1,,,,
12051,2,,,,
12051,3,,,,
12051,4,,,,
12051,5,,,,
12051,6,,,,
12051,7,,,,
12051,8,,,,
12051,9,,,,
12052,0,,,,
12052,1,,,,
12052,2,,,,
12052,3,,,,
12052,4,,,,
12052,5,,,,
12052,6,,,,
12052,7,,,,
12052,8,,,,
12052,9,,,,
12053,0,,,,
12053,1,,,,
12053,2,,,,
12053,3,,,,
12053,4,,,,
12053,5,,,,
12053,6,,,,
12053,7,,,,
12053,8,,,,
12053,9,,,,
12054,0,,,,
12054,1,,,,
12054,2,,,,
12054,3,,,,
12054,4,,,,
12054,5,,,,
12054,6,,,,
12054,7,,,,
12054,8,,,,
12054,9,,,,
12060,0,,,,
12060,1,,,,
12060,2,,,,
12060,3,,,,
12060,4,,,,
12060,5,,,,
12060,6,,,,
12060,7,,,,
12060,8,,,,
12060,9,,,,
12061,0,,,,
12061,1,,,,
12061,2,,,,
12061,3,,,,
12061,4,,,,
12061,5,,,,
12061,6,,,,
12061,7,,,,
12061,8,,,,
12061,9,,,,
12062,0,,,,
12062,1,,,,
12062,2,,,,
12062,3,,,,
12062,4,,,,
12062,5,,,,
12062,6,,,,
12062,7,,,,
12062,8,,,,
12062,9,,,,
12063,0,,,,
12063,1,,,,
12063,2,,,,
12063,3,,,,
12063,4,,,,
12063,5,,,,
12063,6,,,,
12063,7,,,,
12063,8,,,,
12063,9,,,,
12064,0,,,,
12064,1,,,,
12064,2,,,,
12064,3,,,,
12064,4,,,,
12064,5,,,,
12064,6,,,,
12064,7,,,,
12064,8,,,,
12064,9,,,,
12065,0,,,,
12065,1,,,,
12065,2,,,,
12065,3,,,,
12065,4,,,,
12065,5,,,,
12065,6,,,,
12065,7,,,,
12065,8,,,,
12065,9,,,,
12066,0,,,,
12066,1,,,,
12066,2,,,,
12066,3,,,,
12066,4,,,,
12066,5,,,,
12066,6,,,,
12066,7,,,,
12066,8,,,,
12066,9,,,,
12067,0,,,,
12067,1,,,,
12067,2,,,,
12067,3,,,,
12067,4,,,,
12067,5,,,,
12067,6,,,,
12067,7,,,,
12067,8,,,,
12067,9,,,,
12068,0,,,,
12068,1,,,,
12068,2,,,,
12068,3,,,,
12068,4,,,,
12068,5,,,,
12068,6,,,,
12068,7,,,,
12068,8,,,,
12068,9,,,,
12069,0,,,,
12069,1,,,,
12069,2,,,,
12069,3,,,,
12069,4,,,,
12069,5,,,,
12069,6,,,,
12069,7,,,,
12069,8,,,,
12069,9,,,,
12070,0,,,,
12070,1,,,,
12070,2,,,,
12070,3,,,,
12070,4,,,,
12070,5,,,,
12070,6,,,,
12070,7,,,,
12070,8,,,,
12070,9,,,,
12071,0,,,,
12071,1,,,,
12071,2,,,,
12071,3,,,,
12071,4,,,,
12071,5,,,,
12071,6,,,,
12071,7,,,,
12071,8,,,,
12071,9,,,,
12072,0,,,,
12072,1,,,,
12072,2,,,,
12072,3,,,,
12072,4,,,,
12072,5,,,,
12072,6,,,,
12072,7,,,,
12072,8,,,,
12072,9,,,,
12073,0,,,,
12073,1,,,,
12073,2,,,,
12073,3,,,,
12073,4,,,,
12073,5,,,,
12073,6,,,,
12073,7,,,,
12073,8,,,,
12073,9,,,,
13003,0,,,,
13003,1,,,,
13003,2,,,,
13003,3,,,,
13003,4,,,,
13003,5,,,,
13003,6,,,,
13003,7,,,,
13003,8,,,,
13003,9,,,,
13004,0,,,,
13004,1,,,,
13004,2,,,,
13004,3,,,,
13004,4,,,,
13004,5,,,,
13004,6,,,,
13004,7,,,,
13004,8,,,,
13004,9,,,,
13071,0,,,,
13071,1,,,,
13071,2,,,,
13071,3,,,,
13071,4,,,,
13071,5,,,,
13071,6,,,,
13071,7,,,,
13071,8,,,,
13071,9,,,,
13072,0,,,,
13072,1,,,,
13072,2,,,,
13072,3,,,,
13072,4,,,,
13072,5,,,,
13072,6,,,,
13072,7,,,,
13072,8,,,,
13072,9,,,,
13073,0,,,,
13073,1,,,,
13073,2,,,,
13073,3,,,,
13073,4,,,,
13073,5,,,,
13073,6,,,,
13073,7,,,,
13073,8,,,,
13073,9,,,,
13074,0,,,,
13074,1,,,,
13074,2,,,,
13074,3,,,,
13074,4,,,,
13074,5,,,,
13074,6,,,,
13074,7,,,,
13074,8,,,,
13074,9,,,,
13075,0,,,,
13075,1,,,,
13075,2,,,,
13075,3,,,,
13075,4,,,,
13075,5,,,,
13075,6,,,,
13075,7,,,,
13075,8,,,,
13075,9,,,,
13076,0,,,,
13076,1,,,,
13076,2,,,,
13076,3,,,,
13076,4,,,,
13076,5,,,,
13076,6,,,,
13076,7,,,,
13076,8,,,,
13076,9,,,,
14511,0,,,,
14511,1,,,,
14511,2,,,,
14511,3,,,,
14511,4,,,,
14511,5,,,,
14511,6,,,,
14511,7,,,,
14511,8,,,,
14511,9,,,,
14521,0,,,,
14521,1,,,,
14521,2,,,,
14521,3,,,,
14521,4,,,,
14521,5,,,,
14521,6,,,,
14521,7,,,,
14521,8,,,,
14521,9,,,,
14522,0,,,,
14522,1,,,,
14522,2,,,,
14522,3,,,,
14522,4,,,,
14522,5,,,,
14522,6,,,,
14522,7,,,,
14522,8,,,,
14522,9,,,,
14523,0,,,,
14523,1,,,,
14523,2,,,,
14523,3,,,,
14523,4,,,,
14523,5,,,,
14523,6,,,,
14523,7,,,,
14523,8,,,,
14523,9,,,,
14524,0,,,,
14524,1,,,,
14524,2,,,,
14524,3,,,,
14524,4,,,,
14524,5,,,,
14524,6,,,,
14524,7,,,,
14524,8,,,,
14524,9,,,,
14612,0,,,,
14612,1,,,,
14612,2,,,,
14612,3,,,,
14612,4,,,,
14612,5,,,,
14612,6,,,,
14612,7,,,,
14612,8,,,,
14612,9,,,,
14625,0,,,,
14625,1,,,,
14625,2,,,,
14625,3,,,,
14625,4,,,,
14625,5,,,,
14625,6,,,,
14625,7,,,,
14625,8,,,,
14625,9,,,,
14626,0,,,,
14626,1,,,,
14626,2,,,,
14626,3,,,,
14626,4,,,,
14626,5,,,,
14626,6,,,,
14626,7,,,,
14626,8,,,,
14626,9,,,,
14627,0,,,,
14627,1,,,,
14627,2,,,,
14627,3,,,,
14627,4,,,,
14627,5,,,,
14627,6,,,,
14627,7,,,,
14627,8,,,,
14627,9,,,,
14628,0,,,,
14628,1,,,,
14628,2,,,,
14628,3,,,,
14628,4,,,,
14628,5,,,,
14628,6,,,,
14628,7,,,,
14628,8,,,,
14628,9,,,,
14713,0,,,,
14713,1,,,,
14713,2,,,,
14713,3,,,,
14713,4,,,,
14713,5,,,,
14713,6,,,,
14713,7,,,,
14713,8,,,,
14713,9,,,,
14729,0,,,,
14729,1,,,,
14729,2,,,,
14729,3,,,,
14729,4,,,,
14729,5,,,,
14729,6,,,,
14729,7,,,,
14729,8,,,,
14729,9,,,,
14730,0,,,,
14730,1,,,,
14730,2,,,,
14730,3,,,,
14730,4,,,,
14730,5,,,,
14730,6,,,,
14730,7,,,,
14730,8,,,,
14730,9,,,,
15001,0,,,,
15001,1,,,,
15001,2,,,,
15001,3,,,,
15001,4,,,,
15001,5,,,,
15001,6,,,,
15001,7,,,,
15001,8,,,,
15001,9,,,,
15002,0,,,,
15002,1,,,,
15002,2,,,,
15002,3,,,,
15002,4,,,,
15002,5,,,,
15002,6,,,,
15002,7,,,,
15002,8,,,,
15002,9,,,,
15003,0,,,,
15003,1,,,,
15003,2,,,,
15003,3,,,,
15003,4,,,,
15003,5,,,,
15003,6,,,,
15003,7,,,,
15003,8,,,,
15003,9,,,,
15081,0,,,,
15081,1,,,,
15081,2,,,,
15081,3,,,,
15081,4,,,,
15081,5,,,,
15081,6,,,,
15081,7,,,,
15081,8,,,,
15081,9,,,,
15082,0,,,,
15082,1,,,,
15082,2,,,,
15082,3,,,,
15082,4,,,,
15082,5,,,,
15082,6,,,,
15082,7,,,,
15082,8,,,,
15082,9,,,,
15083,0,,,,
15083,1,,,,
15083,2,,,,
15083,3,,,,
15083,4,,,,
15083,5,,,,
15083,6,,,,
15083,7,,,,
15083,8,,,,
15083,9,,,,
15084,0,,,,
15084,1,,,,
15084,2,,,,
15084,3,,,,
15084,4,,,,
15084,5,,,,
15084,6,,,,
15084,7,,,,
15084,8,,,,
15084,9,,,,
15085,0,,,,
15085,1,,,,
15085,2,,,,
15085,3,,,,
15085,4,,,,
15085,5,,,,
15085,6,,,,
15085,7,,,,
15085,8,,,,
15085,9,,,,
15086,0,,,,
15086,1,,,,
15086,2,,,,
15086,3,,,,
15086,4,,,,
15086,5,,,,
15086,6,,,,
15086,7,,,,
15086,8,,,,
15086,9,,,,
15087,0,,,,
15087,1,,,,
15087,2,,,,
15087,3,,,,
15087,4,,,,
15087,5,,,,
15087,6,,,,
15087,7,,,,
15087,8,,,,
15087,9,,,,
15088,0,,,,
15088,1,,,,
15088,2,,,,
15088,3,,,,
15088,4,,,,
15088,5,,,,
15088,6,,,,
15088,7,,,,
15088,8,,,,
15088,9,,,,
15089,0,,,,
15089,1,,,,
15089,2,,,,
15089,3,,,,
15089,4,,,,
15089,5,,,,
15089,6,,,,
15089,7,,,,
15089,8,,,,
15089,9,,,,
15090,0,,,,
15090,1,,,,
15090,2,,,,
15090,3,,,,
15090,4,,,,
15090,5,,,,
15090,6,,,,
15090,7,,,,
15090,8,,,,
15090,9,,,,
15091,0,,,,
15091,1,,,,
15091,2,,,,
15091,3,,,,
15091,4,,,,
15091,5,,,,
15091,6,,,,
15091,7,,,,
15091,8,,,,
15091,9,,,,
16051,0,,,,
16051,1,,,,
16051,2,,,,
16051,3,,,,
16051,4,,,,
16051,5,,,,
16051,6,,,,
16051,7,,,,
16051,8,,,,
16051,9,,,,
16052,0,,,,
16052,1,,,,
16052,2,,,,
16052,3,,,,
16052,4,,,,
16052,5,,,,
16052,6,,,,
16052,7,,,,
16052,8,,,,
16052,9,,,,
16053,0,,,,
16053,1,,,,
16053,2,,,,
16053,3,,,,
16053,4,,,,
16053,5,,,,
16053,6,,,,
16053,7,,,,
16053,8,,,,
16053,9,,,,
16054,0,,,,
16054,1,,,,
16054,2,,,,
16054,3,,,,
16054,4,,,,
16054,5,,,,
16054,6,,,,
16054,7,,,,
16054,8,,,,
16054,9,,,,
16055,0,,,,
16055,1,,,,
16055,2,,,,
16055,3,,,,
16055,4,,,,
16055,5,,,,
16055,6,,,,
16055,7,,,,
16055,8,,,,
16055,9,,,,
16056,0,,,,
16056,1,,,,
16056,2,,,,
16056,3,,,,
16056,4,,,,
16056,5,,,,
16056,6,,,,
16056,7,,,,
16056,8,,,,
16056,9,,,,
16061,0,,,,
16061,1,,,,
16061,2,,,,
16061,3,,,,
16061,4,,,,
16061,5,,,,
16061,6,,,,
16061,7,,,,
16061,8,,,,
16061,9,,,,
16062,0,,,,
16062,1,,,,
16062,2,,,,
16062,3,,,,
16062,4,,,,
16062,5,,,,
16062,6,,,,
16062,7,,,,
16062,8,,,,
16062,9,,,,
16063,0,,,,
16063,1,,,,
16063,2,,,,
16063,3,,,,
16063,4,,,,
16063,5,,,,
16063,6,,,,
16063,7,,,,
16063,8,,,,
16063,9,,,,
16064,0,,,,
16064,1,,,,
16064,2,,,,
16064,3,,,,
16064,4,,,,
16064,5,,,,
16064,6,,,,
16064,7,,,,
16064,8,,,,
16064,9,,,,
16065,0,,,,
16065,1,,,,
16065,2,,,,
16065,3,,,,
16065,4,,,,
16065,5,,,,
16065,6,,,,
16065,7,,,,
16065,8,,,,
16065,9,,,,
16066,0,,,,
16066,1,,,,
16066,2,,,,
16066,3,,,,
16066,4,,,,
16066,5,,,,
16066,6,,,,
16066,7,,,,
16066,8,,,,
16066,9,,,,
16067,0,,,,
16067,1,,,,
16067,2,,,,
16067,3,,,,
16067,4,,,,
16067,5,,,,
16067,6,,,,
16067,7,,,,
16067,8,,,,
16067,9,,,,
16068,0,,,,
16068,1,,,,
16068,2,,,,
16068,3,,,,
16068,4,,,,
16068,5,,,,
16068,6,,,,
16068,7,,,,
16068,8,,,,
16068,9,,,,
16069,0,,,,
16069,1,,,,
16069,2,,,,
16069,3,,,,
16069,4,,,,
16069,5,,,,
16069,6,,,,
16069,7,,,,
16069,8,,,,
16069,9,,,,
16070,0,,,,
16070,1,,,,
16070,2,,,,
16070,3,,,,
16070,4,,,,
16070,5,,,,
16070,6,,,,
16070,7,,,,
16070,8,,,,
16070,9,,,,
16071,0,,,,
16071,1,,,,
16071,2,,,,
16071,3,,,,
16071,4,,,,
16071,5,,,,
16071,6,,,,
16071,7,,,,
16071,8,,,,
16071,9,,,,
16072,0,,,,
16072,1,,,,
16072,2,,,,
16072,3,,,,
16072,4,,,,
16072,5,,,,
16072,6,,,,
16072,7,,,,
16072,8,,,,
16072,9,,,,
16073,0,,,,
16073,1,,,,
16073,2,,,,
16073,3,,,,
16073,4,,,,
16073,5,,,,
16073,6,,,,
16073,7,,,,
16073,8,,,,
16073,9,,,,
16074,0,,,,
16074,1,,,,
16074,2,,,,
16074,3,,,,
16074,4,,,,
16074,5,,,,
16074,6,,,,
16074,7,,,,
16074,8,,,,
16074,9,,,,
16075,0,,,,
16075,1,,,,
16075,2,,,,
16075,3,,,,
16075,4,,,,
16075,5,,,,
16075,6,,,,
16075,7,,,,
16075,8,,,,
16075,9,,,,
16076,0,,,,
16076,1,,,,
16076,2,,,,
16076,3,,,,
16076,4,,,,
16076,5,,,,
16076,6,,,,
16076,7,,,,
16076,8,,,,
16076,9,,,,
16077,0,,,,
16077,1,,,,
16077,2,,,,
16077,3,,,,
16077,4,,,,
16077,5,,,,
16077,6,,,,
16077,7,,,,
16077,8,,,,
16077,9,,,,
